Wavelength,Albedo
0.1,3.1220607e-08
0.1001333333,3.2169023e-08
0.1002668444,3.3189702e-08
0.1004005336,3.4298766e-08
0.1005344009,3.5483318e-08
0.1006684468,3.6753934e-08
0.1008026714,3.8161118e-08
0.100937075,3.9762486e-08
0.1010716577,4.1473789e-08
0.10120642,4.3357869e-08
0.1013413618,4.5445289e-08
0.1014764837,4.7777015e-08
0.1016117856,5.0409599e-08
0.101747268,5.3371664e-08
0.101882931,5.6743219e-08
0.102018775,6.0548065e-08
0.1021548,6.5090207e-08
0.1022910064,7.0469315e-08
0.1024273944,7.6850592e-08
0.1025639643,8.4592247e-08
0.1027007162,9.4158193e-08
0.1028376505,1.0636718e-07
0.1029747674,7.2302266e-07
0.103112067,7.2937938e-07
0.1032495498,7.3086522e-07
0.1033872159,7.2518585e-07
0.1035250655,7.2156486e-07
0.1036630989,7.3252213e-07
0.1038013164,7.4981153e-07
0.1039397181,7.5364202e-07
0.1040783044,7.5735521e-07
0.1042170755,7.6146724e-07
0.1043560316,7.6827336e-07
0.104495173,7.7295738e-07
0.1046344999,7.7469577e-07
0.1047740125,7.6716314e-07
0.1049137112,7.8195882e-07
0.1050535962,7.9524361e-07
0.1051936676,8.0048355e-07
0.1053339259,8.0057782e-07
0.1054743711,8.0430956e-07
0.1056150036,8.173967e-07
0.1057558236,8.2570929e-07
0.1058968314,8.2962034e-07
0.1060380271,8.2451591e-07
0.1061794112,8.3928339e-07
0.1063209837,8.5354405e-07
0.106462745,8.6348855e-07
0.1066046954,8.7181973e-07
0.1067468349,8.6845534e-07
0.1068891641,8.8150209e-07
0.1070316829,8.9398735e-07
0.1071743919,9.0639744e-07
0.107317291,8.9774813e-07
0.1074603808,9.1600054e-07
0.1076036613,9.2868784e-07
0.1077471328,9.4789671e-07
0.1078907957,9.6049365e-07
0.1080346501,9.6933648e-07
0.1081786963,9.7825736e-07
0.1083229345,9.8630969e-07
0.1084673651,1.0086086e-06
0.1086119883,1.025954e-06
0.1087568042,9.5981526e-07
0.1089018133,9.6661455e-07
0.1090470157,1.0531474e-06
0.1091924117,1.0790532e-06
0.1093380016,1.0984928e-06
0.1094837856,1.1213057e-06
0.109629764,1.1408967e-06
0.109775937,1.1602673e-06
0.1099223049,1.1806385e-06
0.110068868,1.2010858e-06
0.1102156265,1.2188371e-06
0.1103625807,1.2417843e-06
0.1105097308,1.2686247e-06
0.1106570771,1.2981856e-06
0.1108046199,1.3245432e-06
0.1109523594,1.3466919e-06
0.1111002958,1.3518884e-06
0.1112484296,1.3774636e-06
0.1113967608,1.4206997e-06
0.1115452898,1.454141e-06
0.1116940169,1.4868147e-06
0.1118429422,1.5030161e-06
0.1119920662,1.4761996e-06
0.1121413889,1.3751862e-06
0.1122909108,1.5048113e-06
0.112440632,1.7059713e-06
0.1125905528,1.7457517e-06
0.1127406736,1.7122677e-06
0.1128909945,1.7336453e-06
0.1130415158,1.9053403e-06
0.1131922378,2.1241057e-06
0.1133431608,2.2281761e-06
0.113494285,2.3424799e-06
0.1136456107,2.492827e-06
0.1137971382,2.6717771e-06
0.1139488677,2.7740885e-06
0.1141007995,2.885944e-06
0.1142529339,3.1260531e-06
0.1144052712,3.4260055e-06
0.1145578115,3.7265523e-06
0.1147105553,4.0543845e-06
0.1148635027,4.4067439e-06
0.115016654,2.5488885e-06
0.1151700096,6.9310819e-07
0.1153235696,5.8328417e-07
0.1154773343,1.1856568e-06
0.1156313041,3.2651713e-05
0.1157854792,3.3304812e-05
0.1159398598,5.7754536e-05
0.1160944463,5.5289419e-06
0.1162492389,1.1181383e-06
0.1164042379,1.1771716e-06
0.1165594435,7.5048005e-06
0.1167148561,4.012698e-05
0.1168704759,2.0988655e-05
0.1170263032,8.7913115e-06
0.1171823383,2.0861819e-06
0.1173385814,1.2160608e-06
0.1174950329,1.5734769e-06
0.1176516929,2.7328742e-06
0.1178085618,6.0835642e-06
0.1179656399,6.6544969e-06
0.1181229274,7.3025666e-06
0.1182804247,1.8531955e-05
0.1184381319,1.676866e-05
0.1185960494,2.1046515e-05
0.1187541775,2.1969958e-05
0.1189125164,2.0428568e-05
0.1190710664,6.3495705e-06
0.1192298278,8.5209975e-06
0.1193888009,3.2457654e-06
0.119547986,2.3551855e-06
0.1197073833,1.6351146e-06
0.1198669932,1.1684218e-06
0.1200268158,6.9896985e-07
0.1201868516,4.2589071e-07
0.1203471007,2.087609e-07
0.1205075635,1.0354112e-07
0.1206682403,1.1561237e-07
0.1208291313,1.7280764e-07
0.1209902368,5.7392899e-07
0.1211515571,1.5774293e-06
0.1213130925,4.4923236e-06
0.1214748433,1.2044801e-05
0.1216368097,1.1690184e-05
0.1217989921,7.7152077e-06
0.1219613908,1.1330012e-05
0.122124006,6.0441631e-06
0.122286838,5.6388544e-06
0.1224498871,5.9528721e-06
0.1226131536,4.7109752e-06
0.1227766378,3.913083e-06
0.12294034,4.7111386e-06
0.1231042605,3.2070498e-06
0.1232683995,2.3604631e-06
0.1234327574,2.7383327e-06
0.1235973344,2.8611233e-06
0.1237621308,2.9416344e-06
0.123927147,3.8738727e-06
0.1240923832,4.0058857e-06
0.1242578397,1.3052142e-07
0.1244235168,3.7112113e-08
0.1245894148,2.7857283e-07
0.1247555341,7.461595e-07
0.1249218748,8.989623e-07
0.1250884373,1.1029922e-06
0.1252552218,1.4743156e-06
0.1254222288,1.6949774e-06
0.1255894584,2.1184011e-06
0.1257569111,2.2620729e-06
0.1259245869,3.1016215e-06
0.1260924864,3.6773856e-06
0.1262606097,3.0170735e-06
0.1264289572,8.076107e-06
0.1265975291,7.6533638e-06
0.1267663258,8.9933161e-06
0.1269353476,7.6138234e-06
0.1271045947,2.6641543e-05
0.1272740675,8.1746596e-06
0.1274437663,6.3078328e-06
0.1276136913,4.9784009e-06
0.1277838429,4.971644e-06
0.1279542213,4.1245158e-06
0.128124827,3.0481784e-06
0.1282956601,3.201518e-06
0.128466721,2.7864229e-06
0.1286380099,2.5623747e-06
0.1288095273,2.1471317e-06
0.1289812733,2.2573267e-06
0.1291532483,2.3788024e-06
0.1293254527,1.8096132e-06
0.1294978866,2.4383178e-06
0.1296705505,2.2895723e-06
0.1298434445,2.1877537e-06
0.1300165691,2.5404944e-06
0.1301899245,2.7187881e-06
0.1303635111,2.8184977e-06
0.1305373291,3.182688e-06
0.1307113789,3.9991687e-06
0.1308856607,3.4676937e-06
0.1310601749,3.6925016e-06
0.1312349218,2.8491427e-06
0.1314099017,2.2227894e-06
0.1315851149,1.6658782e-06
0.1317605618,1.3365371e-06
0.1319362425,1.0639281e-06
0.1321121575,8.5824514e-07
0.132288307,7.1829228e-07
0.1324646915,6.3114105e-07
0.132641311,5.5350742e-07
0.1328181661,5.3444165e-07
0.132995257,4.7704671e-07
0.133172584,4.6470586e-07
0.1333501475,4.5546634e-07
0.1335279477,4.7897628e-07
0.1337059849,4.4953356e-07
0.1338842596,4.6317686e-07
0.1340627719,4.6705534e-07
0.1342415223,4.4395076e-07
0.134420511,4.0073897e-07
0.1345997383,3.2495928e-07
0.1347792046,2.5202238e-07
0.1349589102,1.9858176e-07
0.1351388555,1.6218944e-07
0.1353190406,1.4254425e-07
0.135499466,1.3722709e-07
0.1356801319,1.4038276e-07
0.1358610388,1.3585585e-07
0.1360421868,1.3004374e-07
0.1362235764,1.1967322e-07
0.1364052079,1.0760616e-07
0.1365870815,9.7733952e-08
0.1367691976,8.8439262e-08
0.1369515565,8.295881e-08
0.1371341586,7.9132608e-08
0.1373170041,7.4683183e-08
0.1375000935,7.3089552e-08
0.1376834269,7.1310757e-08
0.1378670048,6.9080388e-08
0.1380508275,6.8236367e-08
0.1382348953,6.6922008e-08
0.1384192085,6.5974082e-08
0.1386037674,6.5593653e-08
0.1387885724,6.4242206e-08
0.1389736239,6.3825206e-08
0.139158922,6.2820457e-08
0.1393444673,6.2114348e-08
0.1395302599,6.2072035e-08
0.1397163002,6.1243579e-08
0.1399025886,6.0860922e-08
0.1400891254,6.007882e-08
0.1402759109,5.9477605e-08
0.1404629455,5.9393683e-08
0.1406502294,5.8904908e-08
0.140837763,5.8639296e-08
0.1410255467,5.8241892e-08
0.1412135808,5.7697667e-08
0.1414018655,5.7762397e-08
0.1415904014,5.7058322e-08
0.1417791886,5.620887e-08
0.1419682275,5.6380554e-08
0.1421575185,5.5666287e-08
0.1423470618,5.5746082e-08
0.1425368579,5.5173354e-08
0.142726907,5.5406169e-08
0.1429172096,5.5165635e-08
0.1431077659,5.4703109e-08
0.1432985762,5.4116834e-08
0.143489641,5.4520179e-08
0.1436809605,5.4470666e-08
0.1438725351,5.3995743e-08
0.1440643652,5.3814141e-08
0.144256451,5.3738843e-08
0.1444487929,5.3376992e-08
0.1446413913,5.3511639e-08
0.1448342465,5.3324725e-08
0.1450273588,5.3279767e-08
0.1452207286,5.3023108e-08
0.1454143563,5.3435251e-08
0.1456082421,5.3213391e-08
0.1458023864,5.3046955e-08
0.1459967896,5.3043957e-08
0.146191452,5.2825449e-08
0.1463863739,5.3224695e-08
0.1465815557,5.3262813e-08
0.1467769978,5.3415384e-08
0.1469727005,5.3215841e-08
0.1471686641,5.3657803e-08
0.147364889,5.3325073e-08
0.1475613755,5.3747859e-08
0.147758124,5.3462127e-08
0.1479551348,5.4471692e-08
0.1481524083,5.4242144e-08
0.1483499449,5.4194131e-08
0.1485477448,5.452272e-08
0.1487458085,5.4549928e-08
0.1489441362,5.4860091e-08
0.1491427284,5.4934632e-08
0.1493415854,5.5193501e-08
0.1495407075,5.5415875e-08
0.1497400951,5.5931918e-08
0.1499397485,5.5923753e-08
0.1501396682,5.6459875e-08
0.1503398544,5.7060799e-08
0.1505403076,5.7276647e-08
0.150741028,5.7923204e-08
0.150942016,5.8106682e-08
0.151143272,5.8382281e-08
0.1513447964,5.9270093e-08
0.1515465895,5.9609271e-08
0.1517486516,6.0039076e-08
0.1519509831,6.0495765e-08
0.1521535844,6.1291307e-08
0.1523564559,6.1869507e-08
0.1525595978,6.2318052e-08
0.1527630106,6.2704087e-08
0.1529666946,6.3628931e-08
0.1531706502,6.3904173e-08
0.1533748778,6.4983946e-08
0.1535793776,6.5136515e-08
0.1537841501,6.6107884e-08
0.1539891956,6.6662994e-08
0.1541945146,6.774117e-08
0.1544001072,6.8167514e-08
0.1546059741,6.9317879e-08
0.1548121154,7.0429519e-08
0.1550185315,7.1662303e-08
0.1552252229,7.2156016e-08
0.1554321898,7.3500714e-08
0.1556394328,7.4347102e-08
0.155846952,7.5039384e-08
0.1560547479,7.6349049e-08
0.1562628209,7.7461732e-08
0.1564711714,7.8771247e-08
0.1566797996,7.9441161e-08
0.156888706,8.1181282e-08
0.1570978909,8.2512523e-08
0.1573073548,8.4429921e-08
0.1575170979,8.4895624e-08
0.1577271207,8.6730115e-08
0.1579374236,8.7874232e-08
0.1581480068,8.9815324e-08
0.1583588708,9.1566222e-08
0.158570016,9.261682e-08
0.1587814427,9.4341001e-08
0.1589931512,9.6140452e-08
0.1592051421,9.8045051e-08
0.1594174156,1.0023443e-07
0.1596299722,1.0164318e-07
0.1598428122,1.035756e-07
0.1600559359,1.0564066e-07
0.1602693438,1.0842685e-07
0.1604830363,1.1054749e-07
0.1606970137,1.1222153e-07
0.1609112763,1.1614104e-07
0.1611258247,1.1762541e-07
0.1613406591,1.2010015e-07
0.16155578,1.2189206e-07
0.1617711877,1.2609698e-07
0.1619868826,1.2841818e-07
0.1622028652,1.3121119e-07
0.1624191356,1.344261e-07
0.1626356945,1.3678388e-07
0.1628525421,1.4081197e-07
0.1630696788,1.4463896e-07
0.163287105,1.4573422e-07
0.1635048212,1.5079824e-07
0.1637228276,1.5318874e-07
0.1639411247,1.562489e-07
0.1641597129,1.626518e-07
0.1643785925,1.6457406e-07
0.164597764,1.6747067e-07
0.1648172276,1.7399114e-07
0.1650369839,1.7616567e-07
0.1652570333,1.835969e-07
0.165477376,1.8733402e-07
0.1656980125,1.9064559e-07
0.1659189431,1.9936824e-07
0.1661401684,2.0095932e-07
0.1663616886,2.0995785e-07
0.1665835042,2.1374684e-07
0.1668056156,2.188629e-07
0.167028023,2.221444e-07
0.1672507271,2.3238072e-07
0.167473728,2.4298858e-07
0.1676970263,2.4905311e-07
0.1679206224,2.5219332e-07
0.1681445165,2.6041053e-07
0.1683687092,2.7155335e-07
0.1685932008,2.7609014e-07
0.1688179918,2.8192504e-07
0.1690430824,2.8850481e-07
0.1692684732,3.0400596e-07
0.1694941645,3.1870795e-07
0.1697201567,3.191915e-07
0.1699464503,3.3761794e-07
0.1701730455,3.4728729e-07
0.1703999429,3.6670694e-07
0.1706271429,3.6277954e-07
0.1708546457,3.7897071e-07
0.1710824519,3.7971159e-07
0.1713105618,3.9093097e-07
0.1715389759,4.0859154e-07
0.1717676946,4.2272835e-07
0.1719967182,4.5286319e-07
0.1722260471,4.5399079e-07
0.1724556818,4.6277773e-07
0.1726856228,4.859412e-07
0.1729158702,5.0635039e-07
0.1731464247,5.1234042e-07
0.1733772866,5.3800355e-07
0.1736084564,5.6736046e-07
0.1738399343,5.9349851e-07
0.1740717209,6.2588521e-07
0.1743038165,6.6195875e-07
0.1745362216,7.0073592e-07
0.1747689366,7.394972e-07
0.1750019618,7.6552664e-07
0.1752352978,9.7861813e-07
0.1754689448,1.3299305e-06
0.1757029034,2.0889946e-06
0.1759371739,4.9462836e-06
0.1761717568,8.5099721e-06
0.1764066525,9.6545391e-06
0.1766418614,1.1175968e-05
0.1768773839,1.3297092e-05
0.1771132204,1.6459442e-05
0.1773493713,2.1679559e-05
0.1775858372,3.1926834e-05
0.1778226183,6.1197415e-05
0.1780597151,0.00020337801
0.1782971281,0.0002246681
0.1785348576,0.00025109328
0.1787729041,0.00028475637
0.1790112679,0.00032958133
0.1792499496,0.00039235808
0.1794889495,0.00048542513
0.1797282681,0.0006382885
0.1799679058,0.00093449767
0.180207863,0.0010790626
0.1804481402,0.0011956017
0.1806887377,0.0013387284
0.180929656,0.0015184583
0.1811708956,0.0017499924
0.1814124568,0.0020699926
0.18165434,0.0025334751
0.1818965458,0.0032601294
0.1821390746,0.0038676849
0.1823819267,0.0041511494
0.1826251026,0.0044789314
0.1828686027,0.0048285535
0.1831124275,0.0052380277
0.1833565774,0.0057012476
0.1836010528,0.0062475779
0.1838458542,0.0069318105
0.184090982,0.0075529075
0.1843364367,0.0078076131
0.1845822186,0.0080538549
0.1848283282,0.0083062012
0.185074766,0.008559489
0.1853215324,0.0088225297
0.1855686277,0.0090957644
0.1858160526,0.0093993538
0.1860638073,0.0097018641
0.1863118924,0.0098140002
0.1865603082,0.0099060884
0.1868090553,0.009989554
0.1870581341,0.010079695
0.1873075449,0.010163206
0.1875572883,0.01025099
0.1878073647,0.010357133
0.1880577745,0.01044781
0.1883085182,0.01050391
0.1885595962,0.010543756
0.188811009,0.010582815
0.189062757,0.010620024
0.1893148407,0.010662641
0.1895672605,0.010697217
0.1898200168,0.01073478
0.1900731102,0.010764749
0.190326541,0.010755834
0.1905803097,0.010742369
0.1908344168,0.010733783
0.1910888627,0.01072613
0.1913436479,0.010711262
0.1915987727,0.010689783
0.1918542377,0.010675893
0.1921100434,0.01065857
0.1923661901,0.010648708
0.1926226784,0.010635128
0.1928795086,0.010631247
0.1931366813,0.010626569
0.1933941969,0.010604942
0.1936520558,0.01058086
0.1939102585,0.010552008
0.1941688055,0.010526144
0.1944276973,0.01050092
0.1946869342,0.010475961
0.1949465168,0.010451268
0.1952064455,0.010430607
0.1954667207,0.010424016
0.195727343,0.010417931
0.1959883128,0.010411822
0.1962496306,0.010409526
0.1965112968,0.010408031
0.1967733118,0.010407121
0.1970356762,0.010406807
0.1972983905,0.010402286
0.197561455,0.010397932
0.1978248703,0.010394104
0.1980886368,0.010396642
0.1983527549,0.010411428
0.1986172253,0.010427072
0.1988820482,0.010443597
0.1991472243,0.010434748
0.1994127539,0.0104052
0.1996786376,0.01037583
0.1999448758,0.0097959125
0.200211469,0.010115262
0.2004784176,0.010239551
0.2007457221,0.010108996
0.2010133831,0.0099971371
0.201281401,0.010098406
0.2015497762,0.010206136
0.2018185092,0.010198814
0.2020876005,0.010209789
0.2023570507,0.010202639
0.2026268601,0.0098857943
0.2028970292,0.0099937757
0.2031675586,0.010043902
0.2034384487,0.0099124082
0.2037096999,0.0099378376
0.2039813129,0.0099344889
0.204253288,0.0098988322
0.2045256257,0.0098658003
0.2047983265,0.0098245538
0.2050713909,0.0097809275
0.2053448195,0.0097043413
0.2056186126,0.0096159831
0.2058927707,0.0095282612
0.2061672944,0.0094220394
0.2064421841,0.0093260442
0.2067174404,0.0092489066
0.2069930636,0.0091669859
0.2072690544,0.0090793516
0.2075454131,0.0089843749
0.2078221403,0.0088898871
0.2080992365,0.0088002342
0.2083767022,0.008717757
0.2086545378,0.0086364368
0.2089327438,0.0085562837
0.2092113208,0.0084751991
0.2094902692,0.0083870174
0.2097695896,0.0082526225
0.2100492824,0.0081329666
0.2103293481,0.0080683573
0.2106097872,0.0080047326
0.2108906003,0.0079421333
0.2111717877,0.0078805953
0.2114533501,0.0078200876
0.2117352879,0.0077383975
0.2120176016,0.0076096375
0.2123002918,0.0074862303
0.2125833588,0.007367803
0.2128668033,0.0072539964
0.2131506257,0.0071444924
0.2134348266,0.0071187518
0.2137194063,0.0070746393
0.2140043655,0.0069660549
0.2142897047,0.00683175
0.2145754243,0.0066790374
0.2148615249,0.0065326838
0.2151480069,0.0063626628
0.2154348709,0.0062016354
0.2157221174,0.0060678615
0.2160097469,0.0059195808
0.2162977599,0.0057796479
0.2165861569,0.0056738607
0.2168749384,0.0055522767
0.217164105,0.005417267
0.2174536572,0.0053028818
0.2177435954,0.0051816281
0.2180339202,0.0050703255
0.2183246321,0.0049678977
0.2186157316,0.0048574918
0.2189072192,0.0047578108
0.2191990955,0.0046393932
0.219491361,0.0045367292
0.2197840161,0.0044430073
0.2200770615,0.0043392494
0.2203704975,0.004244262
0.2206643249,0.0041613558
0.220958544,0.0040845171
0.2212531554,0.0039944598
0.2215481596,0.0039016057
0.2218435571,0.0038218341
0.2221393485,0.0037353885
0.2224355343,0.0036610806
0.222732115,0.003580268
0.2230290912,0.0035152757
0.2233264633,0.0034518256
0.2236242319,0.0033716562
0.2239223976,0.0032995044
0.2242209608,0.0032317791
0.2245199221,0.0031610685
0.2248192819,0.0031053452
0.225119041,0.0030524853
0.2254191997,0.0029999291
0.2257197586,0.0029344079
0.2260207183,0.002871302
0.2263220793,0.0028151111
0.2266238421,0.0027619489
0.2269260072,0.0027083481
0.2272285752,0.0026612564
0.2275315466,0.0026136197
0.227834922,0.0025635939
0.2281387019,0.0025144411
0.2284428868,0.0024615936
0.2287474774,0.0024178232
0.229052474,0.0023694288
0.2293578773,0.0023283146
0.2296636878,0.0022936556
0.229969906,0.0022530295
0.2302765326,0.0022076636
0.230583568,0.002163252
0.2308910127,0.0021250025
0.2311988674,0.0020910933
0.2315071326,0.0020574988
0.2318158087,0.0020242027
0.2321248965,0.0019891483
0.2324343963,0.0019526316
0.2327443089,0.0019153035
0.2330546346,0.0018824345
0.2333653741,0.0018536147
0.233676528,0.0018285338
0.2339880967,0.0018030157
0.2343000808,0.0017696777
0.2346124809,0.0017346746
0.2349252975,0.001706768
0.2352385313,0.0016855135
0.2355521827,0.0016590002
0.2358662522,0.001628738
0.2361807406,0.0016031242
0.2364956482,0.0015879761
0.2368109758,0.0015632301
0.2371267237,0.0015355381
0.2374428927,0.0015114506
0.2377594832,0.0014897017
0.2380764959,0.0014680603
0.2383939312,0.0014483911
0.2387117898,0.0014336824
0.2390300721,0.001417395
0.2393487789,0.0013923299
0.2396679106,0.0013653656
0.2399874678,0.0013452509
0.2403074511,0.0013338157
0.240627861,0.0013204176
0.2409486982,0.0013042881
0.2412699631,0.0012883774
0.2415916564,0.0012670639
0.2419137786,0.0012519985
0.2422363303,0.0012376279
0.2425593121,0.0012234808
0.2428827245,0.0012047433
0.2432065681,0.0011834456
0.2435308436,0.0011755763
0.2438555514,0.0011641053
0.2441806921,0.001155641
0.2445062664,0.0011301231
0.2448322747,0.0011283157
0.2451587177,0.0011093618
0.245485596,0.0010955478
0.2458129102,0.0010873874
0.2461406607,0.0010844567
0.2464688483,0.0010643928
0.2467974734,0.0010593661
0.2471265367,0.0010460615
0.2474560387,0.0010362352
0.2477859801,0.0010265283
0.2481163614,0.0010240107
0.2484471832,0.0010183839
0.2487784462,0.0010046771
0.2491101507,0.00097932904
0.2494422976,0.00097766828
0.2497748873,0.00097288029
0.2501079205,0.00096642126
0.2504413978,0.00096578088
0.2507753196,0.00096369669
0.2511096867,0.00095774266
0.2514444996,0.00094606102
0.251779759,0.00092960285
0.2521154653,0.00091544255
0.2524516193,0.00091868344
0.2527882214,0.00091947848
0.2531252724,0.00091350771
0.2534627727,0.00090714109
0.2538007231,0.00090119716
0.2541391241,0.00089823626
0.2544779762,0.000897081
0.2548172802,0.00089232221
0.2551570366,0.0008772687
0.255497246,0.00086369134
0.255837909,0.0008663009
0.2561790262,0.0008696704
0.2565205982,0.000876172
0.2568626257,0.00087307051
0.2572051092,0.00086415305
0.2575480493,0.00086219378
0.2578914467,0.00085938963
0.258235302,0.00085229102
0.2585796157,0.00083941291
0.2589243885,0.0008363757
0.259269621,0.00084621544
0.2596153139,0.00085458902
0.2599614676,0.00085482001
0.2603080829,0.00084022583
0.2606551604,0.00082918894
0.2610027006,0.00083161427
0.2613507042,0.00084087958
0.2616991718,0.00084348398
0.262048104,0.00083934338
0.2623975015,0.0008335684
0.2627473648,0.00083470065
0.2630976946,0.00084385018
0.2634484916,0.00084688629
0.2637997562,0.00084036972
0.2641514892,0.00083228442
0.2645036912,0.00082996053
0.2648563628,0.00083954915
0.2652095046,0.00084846052
0.2655631173,0.00084253639
0.2659172014,0.00084105782
0.2662717577,0.00084534433
0.2666267867,0.00084862243
0.2669822891,0.000859407
0.2673382655,0.00085780289
0.2676947165,0.00085131261
0.2680516428,0.00086011456
0.268409045,0.00087101499
0.2687669237,0.00087681736
0.2691252796,0.00088147274
0.2694841133,0.00087418558
0.2698434255,0.00086871996
0.2702032167,0.00088045863
0.2705634877,0.00089344009
0.270924239,0.00090343118
0.2712854713,0.0009090554
0.2716471853,0.00090824172
0.2720093815,0.00090802295
0.2723720607,0.00091730673
0.2727352234,0.00092416712
0.2730988704,0.00092981507
0.2734630022,0.00093944191
0.2738276196,0.00095538773
0.2741927231,0.00097353101
0.2745583134,0.0009780198
0.2749243911,0.00097352765
0.275290957,0.00098176644
0.2756580116,0.00099592689
0.2760255556,0.0010067035
0.2763935897,0.0010127531
0.2767621144,0.001028254
0.2771311306,0.0010387312
0.2775006388,0.0010480934
0.2778706396,0.0010638464
0.2782411338,0.0010775016
0.278612122,0.0010863844
0.2789836048,0.001102465
0.279355583,0.0011175562
0.2797280571,0.0011239955
0.2801010278,0.0011424902
0.2804744958,0.0011729432
0.2808484618,0.0011869292
0.2812229265,0.0011971016
0.2815978904,0.001228425
0.2819733542,0.0012486172
0.2823493187,0.0012587523
0.2827257844,0.0012806225
0.2831027522,0.0012935295
0.2834802225,0.0012983226
0.2838581961,0.0013413666
0.2842366737,0.0013780546
0.2846156559,0.0013941909
0.2849951435,0.0014168118
0.285375137,0.0014557184
0.2857556372,0.0014769784
0.2861366447,0.0014958178
0.2865181602,0.001525944
0.2869001845,0.0015598503
0.287282718,0.0015885825
0.2876657617,0.0016342138
0.288049316,0.0016843403
0.2884333818,0.0017201203
0.2888179596,0.0017543242
0.2892030502,0.0017988561
0.2895886543,0.0018450861
0.2899747725,0.0018869249
0.2903614055,0.0019264518
0.2907485541,0.001973658
0.2911362188,0.0020241934
0.2915244004,0.002090623
0.2919130996,0.0021641426
0.2923023171,0.0022272108
0.2926920535,0.0022662715
0.2930823096,0.0023345826
0.293473086,0.0024223731
0.2938643834,0.0025089866
0.2942562026,0.0025596497
0.2946485442,0.002615358
0.295041409,0.0026915249
0.2954347975,0.0028194212
0.2958287106,0.0029165253
0.2962231488,0.0030295545
0.296618113,0.0031071179
0.2970136039,0.0031972975
0.297409622,0.0033390864
0.2978061682,0.0034959545
0.298203243,0.003623326
0.2986008474,0.0037609659
0.2989989818,0.003870669
0.2993976471,0.0041196865
0.299796844,0.0043645613
0.3001965731,0.0045540074
0.3005968352,0.0047793013
0.300997631,0.0051646597
0.3013989612,0.0056804473
0.3018008265,0.0060304819
0.3022032276,0.0063788477
0.3026061652,0.0070951978
0.3030096401,0.0082278587
0.3034136529,0.0091832757
0.3038182045,0.0098137572
0.3042232954,0.010457121
0.3046289265,0.012183239
0.3050350984,0.014999812
0.3054418119,0.017725447
0.3058490676,0.018708307
0.3062568664,0.019737476
0.3066652088,0.022541071
0.3070740958,0.027439554
0.3074835279,0.033830293
0.307893506,0.036385636
0.3083040306,0.037766413
0.3087151027,0.041551458
0.3091267228,0.045024607
0.3095388918,0.05648008
0.3099516103,0.065107941
0.3103648791,0.065737488
0.3107786989,0.072343005
0.3111930705,0.076498762
0.3116079946,0.079225325
0.312023472,0.094708626
0.3124395033,0.10521689
0.3128560893,0.11475046
0.3132732307,0.11537784
0.3136909284,0.11077819
0.3141091829,0.12908495
0.3145279952,0.15313468
0.3149473658,0.159304
0.3153672957,0.15444162
0.3157877854,0.14945339
0.3162088358,0.17692324
0.3166304475,0.19536636
0.3170526215,0.19263769
0.3174753583,0.18948634
0.3178986588,0.19043169
0.3183225237,0.21728821
0.3187469537,0.24233976
0.3191719496,0.25306404
0.3195975122,0.22226558
0.3200236422,0.21857455
0.3204503404,0.24432797
0.3208776076,0.27607108
0.3213054444,0.29260487
0.3217338516,0.29029237
0.3221628301,0.24779655
0.3225923805,0.25625574
0.3230225037,0.27171022
0.3234532004,0.31223908
0.3238844713,0.33172196
0.3243163173,0.31844673
0.324748739,0.2949391
0.3251817373,0.28701451
0.325615313,0.30014488
0.3260494667,0.32615471
0.3264841994,0.34443511
0.3269195116,0.34822017
0.3273554043,0.32997738
0.3277918782,0.31674127
0.328228934,0.30782091
0.3286665726,0.33836106
0.3291047947,0.35661313
0.3295436011,0.3620066
0.3299829926,0.36077289
0.3304229699,0.33794367
0.3308635338,0.33954595
0.3313046852,0.33002705
0.3317464248,0.3503554
0.3321887534,0.36290841
0.3326316717,0.36749416
0.3330751806,0.36251387
0.3335192808,0.35357308
0.3339639732,0.34223131
0.3344092585,0.35649575
0.3348551375,0.36365132
0.335301611,0.36863651
0.3357486799,0.36955369
0.3361963448,0.36741568
0.3366446066,0.36063424
0.337093466,0.35509846
0.337542924,0.35082462
0.3379929812,0.36050974
0.3384436385,0.36591942
0.3388948967,0.36746482
0.3393467566,0.36656209
0.3397992189,0.36491011
0.3402522845,0.35739398
0.3407059543,0.36101509
0.3411602289,0.36439344
0.3416151092,0.36560879
0.342070596,0.36533343
0.3425266901,0.36509345
0.3429833924,0.36362832
0.3434407036,0.3618116
0.3438986245,0.35751251
0.344357156,0.35620045
0.3448162989,0.35951835
0.3452760539,0.36098016
0.345736422,0.36099443
0.3461974039,0.36109648
0.3466590004,0.36079461
0.3471212124,0.35912949
0.3475840407,0.35820779
0.3480474861,0.35884332
0.3485115494,0.3588247
0.3489762315,0.35845923
0.3494415331,0.35779714
0.3499074552,0.35721248
0.3503739985,0.35665544
0.3508411638,0.35604917
0.351308952,0.3541261
0.3517773639,0.35316851
0.3522464004,0.35360545
0.3527160623,0.35338613
0.3531863504,0.35312229
0.3536572655,0.35268282
0.3541288085,0.35219013
0.3546009803,0.3515551
0.3550737816,0.35076137
0.3555472133,0.35019557
0.3560212762,0.34961858
0.3564959713,0.34894827
0.3569712992,0.34812778
0.357447261,0.34741039
0.3579238573,0.3466223
0.3584010891,0.34578483
0.3588789572,0.34484625
0.3593574625,0.34369477
0.3598366058,0.34272115
0.3603163879,0.34203739
0.3607968098,0.34143084
0.3612778722,0.34101904
0.361759576,0.34095145
0.3622419221,0.34101056
0.3627249114,0.34104265
0.3632085446,0.34085239
0.3636928226,0.34053039
0.3641777464,0.34011899
0.3646633167,0.33963823
0.3651495345,0.33912762
0.3656364005,0.33862219
0.3661239157,0.33810197
0.366612081,0.33756985
0.3671008971,0.3370296
0.3675903649,0.33647415
0.3680804854,0.33590666
0.3685712594,0.33532343
0.3690626877,0.33477259
0.3695547713,0.33423032
0.370047511,0.333681
0.3705409077,0.33312617
0.3710349622,0.332571
0.3715296755,0.33201456
0.3720250484,0.33146476
0.3725210818,0.33091143
0.3730177766,0.33035093
0.3735151336,0.32977931
0.3740131538,0.32922109
0.374511838,0.32865978
0.3750111871,0.32809073
0.3755112021,0.32751861
0.3760118837,0.32694985
0.3765132328,0.32632299
0.3770152505,0.3257371
0.3775179375,0.3250698
0.3780212947,0.32433451
0.3785253231,0.32354845
0.3790300236,0.32272298
0.3795353969,0.32193242
0.3800414441,0.32123068
0.380548166,0.32067488
0.3810555636,0.32028283
0.3815636377,0.32003655
0.3820723892,0.31983312
0.382581819,0.31959797
0.3830919281,0.31929244
0.3836027174,0.31892334
0.3841141877,0.31851361
0.3846263399,0.31806333
0.385139175,0.3175891
0.3856526939,0.317096
0.3861668975,0.3165959
0.3866817867,0.31608767
0.3871973624,0.31557998
0.3877136256,0.31507877
0.3882305771,0.31457351
0.3887482179,0.31407154
0.3892665488,0.31357135
0.3897855709,0.31307417
0.390305285,0.31258175
0.390825692,0.31209219
0.3913467929,0.31160065
0.3918685887,0.31111196
0.3923910801,0.31061978
0.3929142682,0.31012744
0.3934381539,0.30963087
0.3939627381,0.30913182
0.3944880218,0.30862861
0.3950140058,0.30812401
0.3955406911,0.30764408
0.3960680787,0.307168
0.3965961695,0.30665295
0.3971249644,0.30584465
0.3976544644,0.3056267
0.3981846703,0.30521267
0.3987155832,0.30467774
0.399247204,0.30423181
0.3997795336,0.30375441
0.400312573,0.30334105
0.4008463231,0.30292375
0.4013807848,0.30251414
0.4019159592,0.30208591
0.4024518471,0.3016863
0.4029884496,0.30126965
0.4035257675,0.30084758
0.4040638019,0.30042868
0.4046025536,0.30001392
0.4051420237,0.29959563
0.4056822131,0.29917279
0.4062231227,0.29874462
0.4067647535,0.29831606
0.4073071065,0.29788355
0.4078501827,0.29744641
0.4083939829,0.29700924
0.4089385082,0.29657609
0.4094837596,0.29614905
0.4100297379,0.2957227
0.4105764442,0.29529946
0.4111238795,0.29488474
0.4116720447,0.2944804
0.4122209407,0.29407536
0.4127705686,0.29366769
0.4133209294,0.29326073
0.413872024,0.29285172
0.4144238533,0.29242904
0.4149764185,0.29199839
0.4155297204,0.29157762
0.41608376,0.29114962
0.4166385383,0.29064195
0.4171940564,0.29031872
0.4177503151,0.28989125
0.4183073156,0.28950502
0.4188650586,0.28910141
0.4194235454,0.28871886
0.4199827768,0.28833421
0.4205427538,0.28792948
0.4211034775,0.28752566
0.4216649488,0.28711353
0.4222271687,0.28669382
0.4227901383,0.28626988
0.4233538585,0.28584775
0.4239183303,0.28542549
0.4244835547,0.28500678
0.4250495328,0.28458691
0.4256162655,0.28419923
0.4261837539,0.28379893
0.4267519989,0.28343828
0.4273210015,0.28307897
0.4278907629,0.2827214
0.4284612839,0.28234604
0.4290325656,0.28197133
0.429604609,0.28160129
0.4301774152,0.28121184
0.430750985,0.28081567
0.4313253197,0.28040966
0.4319004201,0.28000128
0.4324762873,0.27960026
0.4330529224,0.27920885
0.4336303263,0.27883344
0.4342085001,0.2784665
0.4347874447,0.27810419
0.4353671613,0.27774314
0.4359476509,0.27737715
0.4365289144,0.27699728
0.437110953,0.27660436
0.4376937676,0.27618829
0.4382773592,0.27575919
0.4388617291,0.27530265
0.439446878,0.27485011
0.4400328072,0.27436511
0.4406195176,0.2739152
0.4412070103,0.27334921
0.4417952863,0.27279168
0.4423843467,0.2722583
0.4429741925,0.27129057
0.4435648247,0.27171378
0.4441562445,0.27101255
0.4447484528,0.27074906
0.4453414508,0.27059039
0.4459352394,0.27018537
0.4465298197,0.26995
0.4471251928,0.26969548
0.4477213597,0.26948368
0.4483183215,0.26923114
0.4489160793,0.26894643
0.4495146341,0.26858502
0.4501139869,0.26822832
0.4507141389,0.26788374
0.4513150911,0.26754694
0.4519168445,0.26721265
0.4525194003,0.26686484
0.4531227595,0.26655556
0.4537269232,0.26625642
0.4543318924,0.26589404
0.4549376683,0.26554088
0.4555442518,0.26512137
0.4561516442,0.26468439
0.4567598464,0.26421523
0.4573688595,0.26374926
0.4579786846,0.26327492
0.4585893229,0.26278826
0.4592007753,0.2623022
0.459813043,0.26183755
0.4604261271,0.26140075
0.4610400286,0.26099488
0.4616547486,0.26064868
0.4622702883,0.26035836
0.4628866487,0.26011423
0.4635038309,0.25989287
0.464121836,0.25966696
0.4647406651,0.25942694
0.4653603193,0.25917455
0.4659807997,0.25888231
0.4666021075,0.25852346
0.4672242436,0.25808145
0.4678472093,0.25765353
0.4684710056,0.25710388
0.4690956336,0.25661869
0.4697210944,0.2559764
0.4703473892,0.25564333
0.4709745191,0.25513395
0.4716024851,0.25478271
0.4722312884,0.25425652
0.4728609301,0.25370866
0.4734914113,0.25325393
0.4741227332,0.25270714
0.4747548969,0.25205034
0.4753879034,0.25117206
0.4760217539,0.25007037
0.4766564496,0.24904344
0.4772919915,0.2484966
0.4779283809,0.24827828
0.4785656187,0.24819628
0.4792037062,0.24815308
0.4798426445,0.24808078
0.4804824347,0.24798251
0.4811230779,0.2478368
0.4817645754,0.24766815
0.4824069281,0.24749793
0.4830501374,0.24733872
0.4836942042,0.24722522
0.4843391298,0.24704615
0.4849849153,0.24672654
0.4856315619,0.24665073
0.4862790706,0.24657419
0.4869274427,0.24620942
0.4875766793,0.24602874
0.4882267815,0.2457471
0.4888777506,0.24530291
0.4895295876,0.24487508
0.4901822937,0.24456976
0.4908358701,0.24415165
0.4914903179,0.24381977
0.4921456383,0.24349156
0.4928018325,0.24318117
0.4934589016,0.2429111
0.4941168468,0.24262511
0.4947756693,0.24233974
0.4954353702,0.24200205
0.4960959507,0.24160367
0.496757412,0.24115317
0.4974197552,0.24065441
0.4980829815,0.2401091
0.4987470922,0.23952895
0.4994120883,0.23890973
0.5000779711,0.23820117
0.5007447417,0.2374741
0.5014124013,0.23663084
0.5020809512,0.23578108
0.5027503925,0.23452062
0.5034207263,0.23237617
0.504091954,0.2311872
0.5047640766,0.23300633
0.5054370954,0.23301571
0.5061110115,0.23205701
0.5067858262,0.23144099
0.5074615406,0.23197512
0.508138156,0.23221039
0.5088156735,0.23232598
0.5094940944,0.23195116
0.5101734199,0.23230717
0.5108536511,0.23259905
0.5115347893,0.23255683
0.5122168357,0.23231564
0.5128997915,0.23213378
0.5135836579,0.23190543
0.5142684361,0.2316176
0.5149541273,0.23132076
0.5156407328,0.23104801
0.5163282538,0.23078728
0.5170166915,0.23053296
0.5177060471,0.23028979
0.5183963218,0.2300606
0.5190875169,0.22982188
0.5197796336,0.22957965
0.5204726731,0.22930352
0.5211666367,0.22898988
0.5218615255,0.22864088
0.5225573409,0.22823844
0.523254084,0.22774911
0.5239517561,0.22711799
0.5246503584,0.22669161
0.5253498923,0.22626527
0.5260503588,0.22584892
0.5267517593,0.22517887
0.5274540949,0.22471215
0.5281573671,0.22420489
0.5288615769,0.22362049
0.5295667257,0.22309377
0.5302728146,0.22264668
0.530979845,0.22224673
0.5316878182,0.22186537
0.5323967353,0.22155806
0.5331065976,0.22133076
0.5338174064,0.22115637
0.5345291629,0.22107811
0.5352418685,0.22104435
0.5359555243,0.22101138
0.5366701317,0.22094928
0.5373856918,0.22084188
0.5381022061,0.22067376
0.5388196757,0.2203856
0.5395381019,0.22002457
0.5402574861,0.21931096
0.5409778294,0.21815362
0.5416991331,0.21796792
0.5424213987,0.21778397
0.5431446272,0.21775267
0.54386882,0.21699303
0.5445939785,0.21702248
0.5453201038,0.21680028
0.5460471972,0.21578333
0.5467752602,0.21586619
0.5475042938,0.21615832
0.5482342996,0.21585454
0.5489652786,0.21558804
0.5496972323,0.21532451
0.550430162,0.21529246
0.5511640689,0.21504086
0.5518989543,0.21487615
0.5526348196,0.21459847
0.553371666,0.21430339
0.5541094949,0.21403757
0.5548483075,0.21371947
0.5555881053,0.21337753
0.5563288894,0.21299964
0.5570706613,0.21256158
0.5578134222,0.2120847
0.5585571734,0.21156479
0.5593019163,0.21102977
0.5600476522,0.21046309
0.5607943824,0.20991647
0.5615421082,0.20938635
0.562290831,0.20880466
0.5630405521,0.20824126
0.5637912729,0.207741
0.5645429946,0.20722786
0.5652957186,0.20669866
0.5660494462,0.2061216
0.5668041788,0.20544902
0.5675599177,0.20449825
0.5683166642,0.20280062
0.5690744198,0.20130938
0.5698331857,0.20054792
0.5705929633,0.20184579
0.5713537539,0.20094752
0.5721155589,0.19904925
0.5728783796,0.19881619
0.5736422175,0.19837888
0.5744070738,0.19761228
0.5751729499,0.19820978
0.5759398471,0.19781429
0.5767077669,0.19792813
0.5774767106,0.19753514
0.5782466796,0.19806846
0.5790176751,0.19807737
0.5797896987,0.19924786
0.5805627516,0.19994348
0.5813368353,0.20079365
0.5821119511,0.20133641
0.5828881003,0.20176901
0.5836652845,0.20209168
0.5844435049,0.20215987
0.5852227629,0.20225808
0.5860030599,0.20166576
0.5867843973,0.20148919
0.5875667765,0.19920998
0.5883501989,0.19567044
0.5891346658,0.19050338
0.5899201787,0.19014209
0.5907067389,0.19525097
0.5914943479,0.19406895
0.592283007,0.18850422
0.5930727177,0.1958344
0.5938634813,0.19585196
0.5946552993,0.18854781
0.595448173,0.19580211
0.5962421039,0.19608791
0.5970370934,0.1921483
0.5978331429,0.1938268
0.5986302537,0.1951836
0.5994284274,0.19539219
0.6002276653,0.1958026
0.6010279689,0.19659829
0.6018293395,0.19636509
0.6026317786,0.19664282
0.6034352876,0.19685804
0.604239868,0.19691882
0.6050455212,0.19701621
0.6058522485,0.19707742
0.6066600515,0.19724986
0.6074689316,0.19741326
0.6082788902,0.19760345
0.6090899287,0.19780708
0.6099020486,0.19799071
0.6107152513,0.19818793
0.6115295383,0.19839634
0.6123449111,0.19859337
0.6131613709,0.19876993
0.6139789194,0.19892826
0.614797558,0.1990419
0.6156172881,0.19913368
0.6164381111,0.19918562
0.6172600286,0.19921716
0.618083042,0.19925365
0.6189071527,0.1992703
0.6197323622,0.19925318
0.6205586721,0.19918597
0.6213860836,0.19905808
0.6222145984,0.19890855
0.6230442179,0.19876164
0.6238749435,0.1985681
0.6247067767,0.19833525
0.6255397191,0.19812004
0.6263737721,0.19752226
0.6272089371,0.19679825
0.6280452157,0.18282848
0.6288826093,0.19291046
0.6297211194,0.19093876
0.6305607476,0.19357974
0.6314014953,0.19561302
0.6322433639,0.19543781
0.6330863551,0.19737865
0.6339304702,0.19845342
0.6347757108,0.19859616
0.6356220785,0.19942755
0.6364695746,0.19991321
0.6373182007,0.19988951
0.6381679583,0.20057651
0.6390188489,0.20086068
0.639870874,0.20117985
0.6407240352,0.20135261
0.6415783339,0.20175791
0.6424337717,0.20183423
0.64329035,0.20180227
0.6441480705,0.20200547
0.6450069346,0.20181733
0.6458669438,0.19908166
0.6467280998,0.19742297
0.6475904039,0.19281809
0.6484538578,0.1938452
0.6493184629,0.1965704
0.6501842209,0.20035783
0.6510511332,0.20036276
0.6519192013,0.19414614
0.6527884269,0.20176465
0.6536588115,0.19972671
0.6545303566,0.19935192
0.6554030637,0.19881575
0.6562769345,0.19796886
0.6571519704,0.20008554
0.658028173,0.20196094
0.6589055439,0.20202484
0.6597840846,0.20247063
0.6606637968,0.20367978
0.6615446818,0.20380859
0.6624267414,0.20413158
0.6633099771,0.20401478
0.6641943904,0.20397433
0.6650799829,0.20438034
0.6659667562,0.20447245
0.6668547119,0.2047522
0.6677438515,0.20487506
0.6686341766,0.20494631
0.6695256888,0.20512085
0.6704183898,0.2052246
0.671312281,0.20530435
0.672207364,0.20536608
0.6731036405,0.20544644
0.674001112,0.20552741
0.6748997801,0.2056208
0.6757996465,0.20567867
0.6767007127,0.2057612
0.6776029803,0.20582381
0.678506451,0.20584436
0.6794111262,0.20593866
0.6803170077,0.20589111
0.6812240971,0.20589305
0.6821323959,0.20590447
0.6830419057,0.20597356
0.6839526283,0.2058538
0.6848645651,0.20606373
0.6857777179,0.20594773
0.6866920882,0.16562166
0.6876076776,0.15168003
0.6885244879,0.17995461
0.6894425205,0.17488286
0.6903617772,0.18136604
0.6912822596,0.18905689
0.6922039692,0.1923121
0.6931269079,0.1925138
0.6940510771,0.1863481
0.6949764785,0.1953073
0.6959031138,0.19420005
0.6968309846,0.20679059
0.6977600926,0.20475019
0.6986904394,0.19924676
0.6996220267,0.19956414
0.700554856,0.19704519
0.7014889292,0.1980891
0.7024242477,0.20145543
0.7033608134,0.20958097
0.7042986278,0.20470306
0.7052376927,0.20310446
0.7061780096,0.20644164
0.7071195803,0.2088596
0.7080624064,0.20837307
0.7090064896,0.21099834
0.7099518316,0.21016527
0.710898434,0.21204925
0.7118462986,0.21343006
0.712795427,0.21269467
0.7137458209,0.21405718
0.714697482,0.21224468
0.715650412,0.21110241
0.7166046125,0.19169645
0.7175600853,0.17367185
0.7185168321,0.17169411
0.7194748546,0.17868105
0.7204341544,0.17051225
0.7213947332,0.20732461
0.7223565929,0.20721586
0.723319735,0.18100831
0.7242841613,0.18405403
0.7252498735,0.18040693
0.7262168734,0.18644299
0.7271851625,0.19464416
0.7281547427,0.19255341
0.7291256157,0.18587759
0.7300977832,0.19807461
0.7310712469,0.19441397
0.7320460086,0.20889815
0.7330220699,0.2148849
0.7339994327,0.22313269
0.7349780986,0.21946338
0.7359580694,0.21729404
0.7369393468,0.21766669
0.7379219326,0.22702772
0.7389058285,0.2276251
0.7398910363,0.23010139
0.7408775577,0.2314652
0.7418653944,0.23582569
0.7428545483,0.23645276
0.743845021,0.2371897
0.7448368144,0.23902695
0.7458299301,0.23896438
0.74682437,0.23951998
0.7478201359,0.24003648
0.7488172294,0.24050265
0.7498156524,0.24087101
0.7508154066,0.24117519
0.7518164938,0.24167104
0.7528189158,0.24203773
0.7538226743,0.24224628
0.7548277712,0.24253246
0.7558342082,0.24268505
0.7568419872,0.24285007
0.7578511098,0.24267579
0.758861578,0.24015171
0.7598733934,0.094549765
0.7608865579,0.060329346
0.7619010734,0.16731543
0.7629169415,0.1049588
0.763934164,0.11466249
0.7649527429,0.14250061
0.7659726799,0.18117649
0.7669939768,0.20785815
0.7680166355,0.23223346
0.7690406576,0.23670552
0.7700660452,0.24122185
0.7710927999,0.2437274
0.7721209236,0.24430642
0.7731504182,0.24464119
0.7741812854,0.24496447
0.7752135271,0.24510284
0.7762471452,0.24511011
0.7772821414,0.24508375
0.7783185176,0.2449792
0.7793562756,0.24483349
0.7803954173,0.24480159
0.7814359445,0.24494653
0.7824778591,0.24487789
0.7835211629,0.24471216
0.7845658578,0.24352616
0.7856119456,0.24365826
0.7866594282,0.23878785
0.7877083074,0.23793966
0.7887585852,0.23628469
0.7898102633,0.23307287
0.7908633437,0.23040282
0.7919178281,0.2330868
0.7929737185,0.23334341
0.7940310168,0.24219228
0.7950897249,0.23940873
0.7961498445,0.22050474
0.7972113776,0.23451189
0.7982743261,0.23533104
0.7993386919,0.23692619
0.8004044768,0.23354566
0.8014716828,0.23132686
0.8025403117,0.229045
0.8036103654,0.23225756
0.8046818459,0.2341441
0.8057547551,0.24000477
0.8068290947,0.23646407
0.8079048669,0.23729342
0.8089820733,0.23404953
0.8100607161,0.23071518
0.8111407971,0.21924522
0.8122223181,0.21666414
0.8133052812,0.19853558
0.8143896883,0.20230875
0.8154755412,0.19248498
0.8165628419,0.18918805
0.8176515924,0.17993868
0.8187417945,0.19587468
0.8198334502,0.18863516
0.8209265615,0.21957862
0.8220211302,0.21363274
0.8231171584,0.1663627
0.8242146479,0.20619733
0.8253136008,0.22552148
0.8264140189,0.218268
0.8275159043,0.19999238
0.8286192588,0.2054591
0.8297240845,0.21766434
0.8308303833,0.21934073
0.8319381571,0.20616349
0.833047408,0.21906156
0.8341581379,0.22264796
0.8352703487,0.22437796
0.8363840425,0.23124254
0.8374992213,0.22575453
0.8386158869,0.22978013
0.8397340414,0.23608096
0.8408536868,0.23223902
0.841974825,0.23650096
0.8430974581,0.23895044
0.8442215881,0.23836739
0.8453472169,0.24262345
0.8464743465,0.24266627
0.847602979,0.24218417
0.8487331163,0.24152348
0.8498647604,0.24181186
0.8509979134,0.2376869
0.8521325773,0.24036379
0.8532687541,0.24173342
0.8544064458,0.24088661
0.8555456544,0.24140831
0.8566863819,0.24321921
0.8578286304,0.24294825
0.8589724019,0.24260792
0.8601176984,0.24404866
0.861264522,0.24387304
0.8624128747,0.24382929
0.8635627586,0.24416918
0.8647141756,0.24420795
0.8658671278,0.24416454
0.8670216173,0.24420546
0.8681776461,0.24417825
0.8693352163,0.24406763
0.87049433,0.24399533
0.8716549891,0.24397227
0.8728171957,0.2439068
0.873980952,0.24374861
0.8751462599,0.24360388
0.8763131216,0.24334971
0.8774815391,0.24349367
0.8786515145,0.24235871
0.8798230498,0.24235282
0.8809961472,0.24149388
0.8821708088,0.24033225
0.8833470365,0.2406083
0.8845248326,0.24197057
0.885704199,0.23538768
0.8868851379,0.24017759
0.8880676514,0.23690328
0.8892517416,0.2413167
0.8904374106,0.23940528
0.8916246605,0.23492393
0.8928134934,0.22479026
0.8940039114,0.21982851
0.8951959166,0.19592723
0.8963895112,0.18624528
0.8975846972,0.19465272
0.8987814768,0.16187525
0.8999798521,0.18657836
0.9011798252,0.18461589
0.9023813983,0.17335159
0.9035845735,0.21707671
0.9047893529,0.21544734
0.9059957387,0.19584291
0.9072037331,0.17328506
0.908413338,0.1807561
0.9096245558,0.18297714
0.9108373886,0.17973743
0.9120518384,0.19061145
0.9132679075,0.1607531
0.9144855981,0.19214464
0.9157049122,0.17078922
0.9169258521,0.18503061
0.9181484199,0.18056968
0.9193726178,0.19037187
0.9205984479,0.20385921
0.9218259125,0.19992824
0.9230550138,0.20185966
0.9242857538,0.18354399
0.9255181348,0.20032774
0.926752159,0.19870292
0.9279878285,0.16705395
0.9292251456,0.15926082
0.9304641125,0.14771427
0.9317047313,0.12387223
0.9329470043,0.12191537
0.9341909336,0.10303556
0.9354365215,0.11391052
0.9366837702,0.11911198
0.9379326819,0.1080839
0.9391832588,0.14780384
0.9404355032,0.13772205
0.9416894172,0.1366493
0.9429450031,0.12119027
0.9442022631,0.11234631
0.9454611994,0.12723566
0.9467218143,0.1241382
0.9479841101,0.12215298
0.9492480889,0.13458653
0.950513753,0.13804118
0.9517811047,0.12718919
0.9530501462,0.13969249
0.9543208797,0.13080429
0.9555933075,0.13067446
0.9568674319,0.13220228
0.9581432552,0.15421579
0.9594207795,0.13334301
0.9607000072,0.14519136
0.9619809406,0.14504484
0.9632635818,0.17579892
0.9645479333,0.15505713
0.9658339972,0.1648204
0.9671217758,0.17444752
0.9684112715,0.18951294
0.9697024866,0.19664475
0.9709954232,0.2045825
0.9722900838,0.18889723
0.9735864706,0.16900883
0.9748845859,0.18318889
0.976184432,0.16836365
0.9774860112,0.19992867
0.9787893259,0.19415764
0.9800943783,0.18584812
0.9814011708,0.20670474
0.9827097057,0.20429129
0.9840199853,0.21385193
0.985332012,0.21451734
0.986645788,0.22218969
0.9879613157,0.2241775
0.9892785975,0.22644207
0.9905976356,0.22506226
0.9919184325,0.229019
0.9932409904,0.22576756
0.9945653117,0.23153831
0.9958913988,0.23102258
0.997219254,0.23160958
0.9985488796,0.23105732
0.9998802781,0.22902716
1.001213452,0.23044013
1.002548403,0.22682239
1.003885134,0.22780211
1.005223648,0.22905578
1.006563946,0.23139399
1.007906031,0.22879346
1.009249906,0.22336728
1.010595573,0.23053202
1.011943033,0.2293481
1.013292291,0.23208042
1.014643347,0.2313888
1.015996205,0.23257645
1.017350866,0.23101701
1.018707334,0.2323852
1.020065611,0.23159108
1.021425698,0.23020142
1.022787599,0.23145699
1.024151316,0.23020552
1.025516851,0.23199911
1.026884207,0.2315163
1.028253386,0.23134551
1.02962439,0.2327658
1.030997223,0.23252783
1.032371886,0.23379439
1.033748382,0.2337271
1.035126713,0.23400228
1.036506882,0.23398538
1.037888891,0.23404088
1.039272743,0.23408873
1.04065844,0.23414975
1.042045984,0.2329105
1.043435379,0.23277566
1.044826626,0.23260596
1.046219728,0.23245518
1.047614688,0.23223134
1.049011508,0.23165852
1.05041019,0.23163598
1.051810736,0.23119847
1.053213151,0.23097869
1.054617435,0.23086849
1.056023592,0.23048523
1.057431623,0.23000465
1.058841532,0.22924548
1.060253321,0.2289786
1.061666992,0.22850245
1.063082548,0.22723382
1.064499991,0.22595997
1.065919324,0.22724568
1.06734055,0.22612285
1.068763671,0.22655076
1.070188689,0.22698107
1.071615607,0.2269466
1.073044428,0.2285847
1.074475154,0.2219625
1.075907788,0.2286367
1.077342331,0.22003886
1.078778788,0.23045555
1.080217159,0.21930238
1.081657449,0.22368077
1.083099659,0.21667686
1.084543792,0.22396352
1.08598985,0.20570081
1.087437837,0.22030385
1.088887754,0.21636125
1.090339604,0.21065006
1.09179339,0.22692857
1.093249115,0.20802524
1.09470678,0.20213512
1.096166389,0.19843508
1.097627945,0.18916299
1.099091448,0.18059061
1.100556904,0.18290153
1.102024313,0.17661586
1.103493679,0.19067252
1.104965004,0.18612775
1.10643829,0.17091138
1.107913541,0.1589895
1.109390759,0.17183591
1.110869947,0.15408931
1.112351107,0.15856966
1.113834242,0.14125227
1.115319354,0.12574907
1.116806447,0.10756632
1.118295522,0.12395696
1.119786583,0.10795198
1.121279631,0.11164857
1.122774671,0.10706342
1.124271704,0.117966
1.125770733,0.09647372
1.12727176,0.10740156
1.128774789,0.10521701
1.130279822,0.11770648
1.131786862,0.12991228
1.133295911,0.10456993
1.134806972,0.086775586
1.136320048,0.11524326
1.137835142,0.12351687
1.139352255,0.13031839
1.140871392,0.12000274
1.142392554,0.12768936
1.143915744,0.10777401
1.145440965,0.10752802
1.146968219,0.10217528
1.14849751,0.12620347
1.15002884,0.11802992
1.151562212,0.12026619
1.153097628,0.12481009
1.154635092,0.12974394
1.156174605,0.13754591
1.157716171,0.1441921
1.159259793,0.14349971
1.160805473,0.15115432
1.162353213,0.17189561
1.163903018,0.17090731
1.165454888,0.1519287
1.167008828,0.16940666
1.16856484,0.17655091
1.170122926,0.1751602
1.17168309,0.17829565
1.173245334,0.17199594
1.174809662,0.17170852
1.176376074,0.19864375
1.177944576,0.16400248
1.179515169,0.17724445
1.181087855,0.16765629
1.182662639,0.17554301
1.184239523,0.16237474
1.185818509,0.18602095
1.1873996,0.16115364
1.1889828,0.18001628
1.19056811,0.17442455
1.192155534,0.19116137
1.193745075,0.18860872
1.195336735,0.17752472
1.196930517,0.18790929
1.198526425,0.16051532
1.20012446,0.17807437
1.201724626,0.18154132
1.203326925,0.1535721
1.204931361,0.1854472
1.206537936,0.18362882
1.208146654,0.18511821
1.209757516,0.1885752
1.211370526,0.17372691
1.212985687,0.19263171
1.214603001,0.17800317
1.216222471,0.18339115
1.217844101,0.19362639
1.219467894,0.1882592
1.221093851,0.18810808
1.222721976,0.19317469
1.224352272,0.19240071
1.225984742,0.1962554
1.227619388,0.19460999
1.229256214,0.19431272
1.230895222,0.19940548
1.232536416,0.19503902
1.234179798,0.20088389
1.235825371,0.201337
1.237473138,0.20118855
1.239123102,0.20211595
1.240775266,0.19999729
1.242429633,0.20143376
1.244086206,0.20014577
1.245744988,0.20027609
1.247405981,0.19903619
1.249069189,0.19786042
1.250734614,0.19678539
1.252402261,0.19557927
1.25407213,0.19312533
1.255744226,0.19181883
1.257418552,0.18997021
1.25909511,0.18542837
1.260773904,0.17927862
1.262454936,0.17386286
1.264138209,0.16784406
1.265823726,0.17002097
1.267511491,0.17465201
1.269201507,0.13985898
1.270893775,0.17927993
1.2725883,0.18020481
1.274285085,0.18183242
1.275984132,0.18603143
1.277685444,0.18909663
1.279389024,0.1891806
1.281094876,0.19499342
1.282803003,0.19607341
1.284513407,0.1942072
1.286226091,0.19617405
1.28794106,0.19068494
1.289658314,0.19133627
1.291377859,0.18675236
1.293099696,0.19243724
1.294823829,0.18993744
1.296550261,0.18178475
1.298278994,0.19246304
1.300010033,0.17518801
1.30174338,0.18423802
1.303479037,0.16348994
1.305217009,0.17984246
1.306957299,0.16634624
1.308699909,0.17543859
1.310444842,0.15181872
1.312192102,0.16371506
1.313941691,0.14616709
1.315693613,0.15822359
1.317447871,0.16879775
1.319204469,0.14767298
1.320963408,0.14484358
1.322724692,0.1327458
1.324488325,0.15368531
1.32625431,0.14854646
1.328022649,0.12893698
1.329793346,0.12970536
1.331566404,0.11172638
1.333341825,0.1133465
1.335119614,0.12602708
1.336899774,0.11680143
1.338682307,0.12025003
1.340467217,0.11708126
1.342254506,0.12317011
1.344044179,0.10067615
1.345836238,0.10291195
1.347630686,0.091489595
1.349427527,0.10009729
1.351226764,0.087348311
1.3530284,0.081460868
1.354832437,0.072969777
1.356638881,0.073865414
1.358447733,0.073814582
1.360258996,0.062432749
1.362072675,0.047410587
1.363888772,0.064766497
1.36570729,0.069382082
1.367528233,0.054456919
1.369351604,0.061982286
1.371177406,0.061159936
1.373005643,0.068798236
1.374836317,0.076311273
1.376669432,0.066944652
1.378504991,0.061831544
1.380342998,0.049151831
1.382183455,0.043757125
1.384026367,0.065688269
1.385871735,0.069438163
1.387719564,0.056989696
1.389569857,0.080640021
1.391422617,0.079479984
1.393277847,0.078181788
1.395135551,0.052859265
1.396995731,0.074983404
1.398858392,0.075538788
1.400723537,0.054704736
1.402591168,0.083015114
1.40446129,0.05902792
1.406333905,0.075377368
1.408209017,0.079978177
1.410086629,0.077080108
1.411966744,0.078528501
1.413849367,0.070736097
1.415734499,0.084325362
1.417622145,0.080545679
1.419512308,0.070516986
1.421404991,0.081548384
1.423300198,0.068818506
1.425197931,0.072842198
1.427098195,0.073316492
1.429000993,0.074577039
1.430906327,0.063490838
1.432814202,0.066054941
1.434724621,0.06465076
1.436637588,0.063287684
1.438553104,0.064385867
1.440471175,0.064422725
1.442391803,0.057537129
1.444314992,0.062612968
1.446240746,0.055392648
1.448169067,0.061064284
1.450099959,0.049822732
1.452033425,0.054752272
1.45396947,0.05873686
1.455908096,0.055486363
1.457849307,0.055895696
1.459793106,0.049977956
1.461739497,0.051168343
1.463688483,0.050570555
1.465640067,0.043228693
1.467594254,0.043495459
1.469551046,0.040929105
1.471510448,0.038201012
1.473472462,0.040873099
1.475437092,0.040883618
1.477404341,0.035446636
1.479374214,0.036408865
1.481346713,0.035606442
1.483321841,0.041097011
1.485299604,0.037334727
1.487280003,0.034541002
1.489263043,0.040274857
1.491248727,0.041089657
1.493237059,0.048793427
1.495228042,0.043820212
1.497221679,0.050244789
1.499217975,0.051935034
1.501216932,0.057966388
1.503218555,0.046204864
1.505222846,0.057419786
1.50722981,0.06781225
1.50923945,0.063845997
1.511251769,0.069684817
1.513266771,0.059193248
1.51528446,0.072622907
1.51730484,0.066819241
1.519327913,0.0681162
1.521353683,0.076047175
1.523382155,0.079100294
1.525413331,0.073237142
1.527447215,0.077961631
1.529483812,0.077422854
1.531523124,0.080018458
1.533565154,0.082330917
1.535609908,0.081425178
1.537657388,0.08464711
1.539707598,0.085100053
1.541760541,0.084364931
1.543816222,0.084644218
1.545874643,0.087596622
1.54793581,0.089737951
1.549999724,0.090312432
1.55206639,0.090087419
1.554135812,0.091627674
1.556207993,0.09334963
1.558282937,0.093698107
1.560360648,0.094231319
1.562441129,0.093881211
1.564524384,0.09545341
1.566610416,0.095839868
1.56869923,0.093424718
1.570790829,0.087822482
1.572885217,0.087281364
1.574982397,0.095521091
1.577082374,0.091515392
1.57918515,0.09281867
1.58129073,0.097787191
1.583399118,0.1006057
1.585510317,0.10317864
1.58762433,0.10473505
1.589741163,0.10514211
1.591860818,0.10524089
1.593983299,0.10604833
1.59610861,0.10657831
1.598236755,0.10555394
1.600367737,0.099623932
1.602501561,0.096543534
1.604638229,0.103762
1.606777747,0.10277151
1.608920117,0.10109252
1.611065344,0.10537073
1.613213431,0.10873196
1.615364383,0.11168767
1.617518202,0.11266834
1.619674893,0.11380018
1.621834459,0.11453802
1.623996905,0.11471691
1.626162234,0.1155052
1.628330451,0.11584608
1.630501558,0.11614488
1.63267556,0.1155925
1.634852461,0.1162497
1.637032264,0.11704113
1.639214974,0.11510879
1.641400594,0.11601363
1.643589128,0.11668183
1.64578058,0.11625709
1.647974954,0.11708157
1.650172254,0.1173854
1.652372484,0.11752155
1.654575647,0.11885445
1.656781748,0.11836762
1.65899079,0.12040559
1.661202778,0.11785596
1.663417715,0.1200987
1.665635605,0.11974013
1.667856453,0.12261213
1.670080261,0.12165711
1.672307035,0.12292945
1.674536778,0.12247245
1.676769493,0.12226766
1.679005186,0.12264602
1.68124386,0.12467218
1.683485518,0.12028761
1.685730166,0.12506117
1.687977806,0.1250062
1.690228443,0.11666945
1.692482081,0.12427209
1.694738724,0.12489204
1.696998375,0.11579991
1.69926104,0.12268902
1.701526721,0.12316809
1.703795423,0.12361003
1.706067151,0.11995551
1.708341907,0.11073345
1.710619696,0.12459102
1.712900522,0.12241952
1.71518439,0.11907163
1.717471302,0.12703254
1.719761264,0.12636122
1.722054279,0.12135034
1.724350351,0.10882654
1.726649485,0.12558606
1.728951684,0.12000841
1.731256953,0.11207879
1.733565296,0.12573903
1.735876716,0.10409941
1.738191219,0.12464979
1.740508807,0.10729036
1.742829485,0.1248346
1.745153258,0.12014671
1.747480129,0.10206521
1.749810102,0.12154389
1.752143183,0.11396068
1.754479373,0.10591801
1.756818679,0.093163893
1.759161104,0.12314807
1.761506652,0.10980309
1.763855328,0.11332056
1.766207135,0.092902382
1.768562078,0.1063174
1.770920161,0.1057227
1.773281388,0.095419583
1.775645763,0.086050574
1.77801329,0.086696683
1.780383975,0.087916368
1.78275782,0.099244221
1.78513483,0.077385615
1.78751501,0.094585344
1.789898364,0.093528376
1.792284895,0.079342743
1.794674608,0.078639603
1.797067507,0.079114558
1.799463597,0.074023868
1.801862882,0.068912851
1.804265366,0.076936334
1.806671053,0.067537721
1.809079948,0.07504881
1.811492055,0.066508963
1.813907377,0.073067378
1.81632592,0.065816902
1.818747688,0.069108915
1.821172685,0.052646761
1.823600916,0.073808924
1.826032383,0.052706418
1.828467093,0.055613997
1.830905049,0.056605441
1.833346256,0.062952869
1.835790718,0.042151587
1.838238439,0.054237584
1.840689423,0.047450704
1.843143676,0.053716194
1.845601201,0.057731674
1.848062002,0.03359836
1.850526085,0.055111775
1.852993453,0.041769762
1.855464111,0.059907757
1.857938063,0.059031332
1.860415314,0.043419447
1.862895868,0.060661372
1.865379729,0.061896159
1.867866902,0.042540098
1.870357391,0.033606557
1.872851201,0.032679024
1.875348336,0.046477723
1.8778488,0.047365742
1.880352599,0.048241234
1.882859736,0.050082473
1.885370215,0.050464331
1.887884042,0.053654888
1.890401221,0.043002186
1.892921756,0.039992578
1.895445652,0.046960652
1.897972912,0.036283706
1.900503543,0.034070178
1.903037548,0.035506666
1.905574931,0.027627355
1.908115698,0.03627542
1.910659852,0.029396088
1.913207398,0.02633952
1.915758342,0.029014359
1.918312686,0.032748693
1.920870436,0.025458307
1.923431597,0.025359797
1.925996172,0.026833644
1.928564167,0.024959523
1.931135586,0.023237846
1.933710434,0.023115795
1.936288714,0.022031481
1.938870432,0.020038414
1.941455593,0.020692977
1.9440442,0.019066234
1.946636259,0.018692707
1.949231774,0.017702034
1.95183075,0.01660999
1.954433191,0.013796059
1.957039102,0.013022757
1.959648487,0.015064835
1.962261352,0.014279143
1.964877701,0.0139689
1.967497538,0.017574407
1.970120868,0.02236875
1.972747695,0.021388254
1.975378026,0.021625035
1.978011863,0.027214295
1.980649212,0.022736137
1.983290078,0.030802541
1.985934465,0.026182838
1.988582377,0.030220447
1.99123382,0.030141643
1.993888799,0.027712162
1.996547317,0.025187899
1.99920938,0.016415814
2.001874993,0.010451037
2.004544159,0.0085025653
2.007216885,0.012205153
2.009893174,0.014273731
2.012573032,0.0118075
2.015256462,0.013420691
2.017943471,0.015106567
2.020634062,0.022301983
2.023328241,0.027696317
2.026026012,0.034583173
2.02872738,0.035480107
2.03143235,0.039873048
2.034140926,0.042024001
2.036853114,0.045030952
2.039568918,0.036033453
2.042288344,0.041726322
2.045011395,0.04269194
2.047738077,0.03966492
2.050468394,0.030504839
2.053202352,0.02560813
2.055939955,0.025834
2.058681208,0.03575876
2.061426117,0.035379625
2.064174685,0.031072673
2.066926918,0.032326053
2.06968282,0.036151639
2.072442397,0.039017028
2.075205654,0.044081421
2.077972595,0.047257782
2.080743225,0.052231126
2.083517549,0.050708043
2.086295573,0.05366747
2.0890773,0.053366141
2.091862736,0.056973938
2.094651887,0.058032941
2.097444756,0.059036433
2.100241349,0.059445746
2.103041671,0.064017714
2.105845726,0.064098872
2.108653521,0.065187497
2.111465059,0.062236223
2.114280345,0.068371381
2.117099386,0.068202804
2.119922185,0.066820381
2.122748748,0.073091078
2.12557908,0.072708335
2.128413185,0.073237511
2.131251069,0.077330711
2.134092737,0.07848517
2.136938194,0.078624605
2.139787445,0.079891706
2.142640495,0.081702281
2.145497349,0.082251809
2.148358012,0.082419005
2.15122249,0.074993221
2.154090786,0.080212691
2.156962907,0.084575815
2.159838858,0.082156623
2.162718643,0.077666767
2.165602268,0.086734078
2.168489738,0.083998451
2.171381057,0.090517163
2.174276232,0.085254628
2.177175267,0.090451501
2.180078167,0.091084705
2.182984938,0.085169879
2.185895585,0.087701452
2.188810112,0.09239753
2.191728526,0.094893756
2.19465083,0.090400649
2.197577032,0.085983062
2.200507134,0.094152078
2.203441144,0.093174878
2.206379065,0.092326308
2.209320904,0.095959888
2.212266665,0.099391831
2.215216354,0.093384574
2.218169976,0.10098682
2.221127536,0.10287531
2.224089039,0.10234859
2.227054491,0.10377934
2.230023897,0.10507682
2.232997263,0.10516958
2.235974592,0.10425803
2.238955892,0.10649139
2.241941166,0.10662035
2.244930421,0.10654855
2.247923662,0.1060089
2.250920893,0.10621067
2.253922121,0.10435297
2.256927351,0.10303388
2.259936587,0.10382449
2.262949836,0.10389582
2.265967102,0.10191516
2.268988392,0.098123523
2.27201371,0.099207634
2.275043061,0.098956514
2.278076452,0.09850102
2.281113887,0.097662172
2.284155372,0.096620674
2.287200913,0.095994472
2.290250514,0.092982211
2.293304181,0.092754496
2.29636192,0.090306725
2.299423736,0.091594142
2.302489635,0.090151512
2.305559621,0.088704866
2.3086337,0.086824875
2.311711879,0.086355789
2.314794161,0.085135472
2.317880553,0.082348528
2.320971061,0.076689317
2.324065689,0.077622947
2.327164443,0.078894336
2.330267329,0.075751713
2.333374352,0.078019438
2.336485518,0.077006432
2.339600832,0.067283407
2.3427203,0.070855643
2.345843927,0.069498958
2.348971719,0.066599011
2.352103681,0.055656829
2.355239819,0.068643046
2.358380139,0.065177296
2.361524646,0.066732079
2.364673345,0.063959811
2.367826243,0.056303085
2.370983345,0.052925043
2.374144656,0.063620249
2.377310182,0.049227861
2.380479929,0.055863358
2.383653902,0.047475461
2.386832107,0.049101598
2.39001455,0.052760871
2.393201236,0.053068538
2.396392171,0.048524441
2.399587361,0.051061001
2.402786811,0.050370728
2.405990526,0.043645423
2.409198514,0.045689931
2.412410778,0.045812068
2.415627326,0.040449401
2.418848163,0.039630942
2.422073293,0.04649564
2.425302724,0.04213237
2.428536461,0.047933405
2.43177451,0.044541153
2.435016876,0.03572414
2.438263565,0.044232204
2.441514583,0.04337811
2.444769936,0.037429615
2.448029629,0.037886752
2.451293669,0.036034199
2.45456206,0.037751011
2.45783481,0.040841597
2.461111923,0.037270066
2.464393405,0.0371871
2.467679263,0.035789187
2.470969502,0.032328886
2.474264128,0.034863242
2.477563147,0.035026901
2.480866565,0.032318869
2.484174387,0.031758994
2.487486619,0.030540858
2.490803268,0.031844826
2.494124339,0.029629944
2.497449838,0.033012007
