350.000000,0.072334
350.466000,0.072359
350.932000,0.072384
351.400000,0.072408
351.867000,0.072433
352.336000,0.072458
352.805000,0.072482
353.274000,0.072507
353.745000,0.072532
354.216000,0.072556
354.687000,0.072581
355.159000,0.072606
355.632000,0.072630
356.105000,0.072655
356.580000,0.072680
357.054000,0.072704
357.530000,0.072729
358.005000,0.072754
358.482000,0.072778
358.959000,0.072803
359.437000,0.072828
359.916000,0.072853
360.395000,0.072877
360.874000,0.072902
361.355000,0.072926
361.836000,0.072951
362.317000,0.072975
362.800000,0.073000
363.283000,0.073025
363.766000,0.073049
364.251000,0.073073
364.735000,0.073098
365.221000,0.073122
365.707000,0.073147
366.194000,0.073171
366.681000,0.073195
367.170000,0.073219
367.658000,0.073244
368.148000,0.073268
368.638000,0.073292
369.129000,0.073316
369.620000,0.073340
370.112000,0.073364
370.605000,0.073388
371.098000,0.073412
371.592000,0.073436
372.087000,0.073460
372.582000,0.073484
373.078000,0.073508
373.575000,0.073531
374.072000,0.073555
374.570000,0.073579
375.068000,0.073602
375.568000,0.073625
376.068000,0.073649
376.568000,0.073672
377.070000,0.073696
377.572000,0.073719
378.074000,0.073742
378.577000,0.073765
379.081000,0.073788
379.586000,0.073811
380.091000,0.073834
380.597000,0.073857
381.104000,0.073880
381.611000,0.073903
382.119000,0.073925
382.628000,0.073948
383.137000,0.073970
383.647000,0.073993
384.158000,0.074015
384.669000,0.074037
385.181000,0.074059
385.694000,0.074081
386.208000,0.074103
386.722000,0.074125
387.236000,0.074146
387.752000,0.074166
388.268000,0.074186
388.785000,0.074206
389.303000,0.074226
389.821000,0.074244
390.340000,0.074265
390.859000,0.074284
391.380000,0.074303
391.901000,0.074323
392.422000,0.074342
392.945000,0.074360
393.468000,0.074379
393.992000,0.074398
394.516000,0.074416
395.041000,0.074434
395.567000,0.074453
396.094000,0.074471
396.621000,0.074488
397.149000,0.074506
397.678000,0.074524
398.207000,0.074542
398.737000,0.074559
399.268000,0.074576
399.799000,0.074593
400.332000,0.074610
400.864000,0.074627
401.398000,0.074643
401.932000,0.074660
402.467000,0.074676
403.003000,0.074692
403.540000,0.074708
404.077000,0.074724
404.615000,0.074740
405.153000,0.074755
405.693000,0.074607
406.233000,0.074426
406.773000,0.074483
407.315000,0.074643
407.857000,0.074772
408.400000,0.074845
408.944000,0.074859
409.488000,0.074873
410.033000,0.074839
410.579000,0.074834
411.126000,0.074914
411.673000,0.074928
412.221000,0.074941
412.770000,0.074954
413.319000,0.074967
413.869000,0.074978
414.420000,0.074990
414.972000,0.075004
415.524000,0.075015
416.077000,0.074920
416.631000,0.075034
417.186000,0.075050
417.741000,0.075061
418.297000,0.075073
418.854000,0.074979
419.412000,0.074818
419.970000,0.074697
420.529000,0.074778
421.089000,0.074917
421.650000,0.075136
422.211000,0.075146
422.773000,0.075155
423.336000,0.075163
423.899000,0.075169
424.463000,0.075182
425.029000,0.075188
425.594000,0.075198
426.161000,0.075205
426.728000,0.075220
427.296000,0.075226
427.865000,0.075240
428.435000,0.075250
429.005000,0.075261
429.576000,0.075270
430.148000,0.075232
430.720000,0.075289
431.294000,0.075242
431.868000,0.075210
432.443000,0.075166
433.018000,0.075105
433.595000,0.074995
434.172000,0.074933
434.750000,0.074954
435.329000,0.074952
435.908000,0.074887
436.489000,0.074730
437.070000,0.074698
437.651000,0.074820
438.234000,0.075010
438.817000,0.075092
439.402000,0.074727
439.986000,0.073731
440.572000,0.072615
441.159000,0.072176
441.746000,0.072619
442.334000,0.073474
442.923000,0.074341
443.512000,0.074890
444.103000,0.075195
444.694000,0.075448
445.286000,0.075454
445.879000,0.075457
446.472000,0.075448
447.067000,0.075459
447.662000,0.075459
448.258000,0.075459
448.854000,0.075458
449.452000,0.075459
450.050000,0.075406
450.649000,0.075378
451.249000,0.075353
451.850000,0.075321
452.451000,0.075297
453.054000,0.075236
453.657000,0.075133
454.261000,0.075053
454.865000,0.074973
455.471000,0.074927
456.077000,0.074855
456.684000,0.074727
457.292000,0.074581
457.901000,0.074350
458.510000,0.073878
459.121000,0.073399
459.732000,0.073163
460.344000,0.073780
460.957000,0.074487
461.570000,0.074918
462.185000,0.075191
462.800000,0.075288
463.416000,0.075230
464.033000,0.075224
464.651000,0.075187
465.269000,0.075045
465.889000,0.074957
466.509000,0.075002
467.130000,0.075076
467.752000,0.075129
468.374000,0.075172
468.998000,0.075217
469.622000,0.075181
470.247000,0.075147
470.873000,0.075186
471.500000,0.075129
472.128000,0.075063
472.756000,0.075059
473.386000,0.075000
474.016000,0.075040
474.647000,0.074920
475.279000,0.074793
475.911000,0.074697
476.545000,0.074545
477.179000,0.074317
477.814000,0.074014
478.450000,0.073748
479.087000,0.073305
479.725000,0.072715
480.364000,0.072125
481.003000,0.071569
481.643000,0.070917
482.285000,0.070409
482.927000,0.070055
483.569000,0.069382
484.213000,0.067064
484.858000,0.062374
485.503000,0.060245
486.149000,0.060715
486.797000,0.065896
487.445000,0.069725
488.093000,0.072141
488.743000,0.073677
489.394000,0.074363
490.045000,0.074592
490.698000,0.074667
491.351000,0.074630
492.005000,0.074706
492.660000,0.074675
493.316000,0.074696
493.972000,0.074717
494.630000,0.074704
495.288000,0.074689
495.948000,0.074626
496.608000,0.074575
497.269000,0.074474
497.931000,0.074414
498.594000,0.074228
499.257000,0.074090
499.922000,0.073982
500.588000,0.073796
501.254000,0.073651
501.921000,0.073345
502.589000,0.073084
503.258000,0.072663
503.928000,0.072313
504.599000,0.072028
505.271000,0.071596
505.943000,0.071076
506.617000,0.070506
507.291000,0.069764
507.967000,0.068794
508.643000,0.067913
509.320000,0.067325
509.998000,0.066956
510.677000,0.067129
511.357000,0.068432
512.037000,0.070153
512.719000,0.071589
513.401000,0.072712
514.085000,0.073375
514.769000,0.073667
515.455000,0.073803
516.141000,0.073747
516.828000,0.073719
517.516000,0.073314
518.205000,0.073107
518.894000,0.072675
519.585000,0.072095
520.277000,0.071643
520.969000,0.071145
521.663000,0.070772
522.357000,0.070581
523.053000,0.070712
523.749000,0.071030
524.446000,0.071431
525.144000,0.071810
525.843000,0.072105
526.543000,0.072405
527.244000,0.072484
527.946000,0.072416
528.649000,0.072342
529.353000,0.072135
530.057000,0.071965
530.763000,0.071563
531.470000,0.070769
532.177000,0.069886
532.885000,0.069013
533.595000,0.068122
534.305000,0.067259
535.016000,0.065972
535.729000,0.064293
536.442000,0.061589
537.156000,0.059311
537.871000,0.055955
538.587000,0.053614
539.304000,0.051287
540.022000,0.047442
540.741000,0.042732
541.460000,0.037644
542.181000,0.033345
542.903000,0.031962
543.626000,0.033336
544.349000,0.038550
545.074000,0.046805
545.800000,0.054987
546.526000,0.061432
547.254000,0.066219
547.982000,0.068224
548.712000,0.070704
549.442000,0.071125
550.173000,0.072437
550.906000,0.072683
551.639000,0.072752
552.373000,0.072619
553.109000,0.072343
553.845000,0.071965
554.582000,0.071474
555.321000,0.071001
556.060000,0.070711
556.800000,0.070563
557.541000,0.069622
558.283000,0.070534
559.027000,0.070773
559.771000,0.071049
560.516000,0.071137
561.262000,0.071189
562.009000,0.070916
562.757000,0.070789
563.506000,0.070535
564.257000,0.070138
565.008000,0.069576
565.760000,0.068686
566.513000,0.067779
567.267000,0.066904
568.022000,0.065767
568.778000,0.064966
569.536000,0.064142
570.294000,0.063272
571.053000,0.062086
571.813000,0.061167
572.574000,0.059875
573.336000,0.057815
574.100000,0.055444
574.864000,0.053214
575.629000,0.051897
576.395000,0.052331
577.163000,0.053828
577.931000,0.054538
578.700000,0.056377
579.471000,0.060214
580.242000,0.063173
581.014000,0.065534
581.788000,0.067161
582.562000,0.068423
583.338000,0.069563
584.114000,0.070106
584.892000,0.070553
585.671000,0.071053
586.450000,0.071155
587.231000,0.071214
588.013000,0.071177
588.795000,0.070825
589.579000,0.070110
590.364000,0.069064
591.150000,0.067741
591.937000,0.066323
592.725000,0.064760
593.514000,0.062902
594.304000,0.058677
595.095000,0.057273
595.887000,0.056529
596.680000,0.056802
597.475000,0.057193
598.270000,0.057849
599.066000,0.058827
599.864000,0.060139
600.662000,0.061657
601.462000,0.063106
602.263000,0.064740
603.064000,0.065849
603.867000,0.066363
604.671000,0.066263
605.476000,0.065111
606.282000,0.063198
607.089000,0.060661
607.897000,0.057516
608.706000,0.054235
609.517000,0.053530
610.328000,0.051689
611.140000,0.047477
611.954000,0.040205
612.769000,0.031418
613.584000,0.021671
614.401000,0.016605
615.219000,0.014413
616.038000,0.012457
616.858000,0.011051
617.679000,0.007654
618.501000,0.005623
619.325000,0.005148
620.149000,0.005592
620.975000,0.006789
621.801000,0.008296
622.629000,0.011987
623.458000,0.017467
624.288000,0.026073
625.119000,0.034694
625.951000,0.043567
626.784000,0.050659
627.619000,0.055076
628.454000,0.060260
629.291000,0.062953
630.128000,0.065150
630.967000,0.066404
631.807000,0.065751
632.648000,0.067683
633.490000,0.066517
634.334000,0.067273
635.178000,0.067238
636.024000,0.066528
636.870000,0.065707
637.718000,0.065445
638.567000,0.064098
639.417000,0.062813
640.268000,0.061542
641.121000,0.059040
641.974000,0.057078
642.829000,0.056096
643.684000,0.057011
644.541000,0.057716
645.399000,0.058393
646.258000,0.057773
647.119000,0.057262
647.980000,0.057958
648.843000,0.054643
649.706000,0.052661
650.571000,0.051575
651.437000,0.051688
652.304000,0.051721
653.173000,0.049793
654.042000,0.046820
654.913000,0.044664
655.785000,0.040880
656.658000,0.039029
657.532000,0.040121
658.407000,0.038315
659.283000,0.036452
660.161000,0.035229
661.040000,0.035682
661.920000,0.033242
662.801000,0.030070
663.683000,0.029475
664.567000,0.028868
665.451000,0.026655
666.337000,0.022736
667.224000,0.023214
668.113000,0.024190
669.002000,0.026152
669.892000,0.029905
670.784000,0.034869
671.677000,0.039959
672.571000,0.045994
673.467000,0.052042
674.363000,0.055591
675.261000,0.060470
676.160000,0.063216
677.060000,0.064801
677.961000,0.065660
678.864000,0.064140
679.767000,0.059415
680.672000,0.055541
681.578000,0.051852
682.486000,0.043828
683.394000,0.044772
684.304000,0.047000
685.215000,0.048764
686.127000,0.051028
687.040000,0.050494
687.955000,0.056046
688.871000,0.054677
689.788000,0.059000
690.706000,0.058682
691.625000,0.058817
692.546000,0.058132
693.468000,0.056444
694.391000,0.053686
695.315000,0.048402
696.241000,0.040293
697.168000,0.032211
698.096000,0.029430
699.025000,0.023302
699.956000,0.015880
700.887000,0.013095
701.820000,0.010603
702.755000,0.010731
703.690000,0.011164
704.627000,0.010635
705.565000,0.016897
706.504000,0.018321
707.445000,0.020889
708.386000,0.026344
709.329000,0.028039
710.274000,0.031117
711.219000,0.037434
712.166000,0.035684
713.114000,0.036261
714.063000,0.037642
715.014000,0.029810
715.965000,0.016851
716.919000,0.007189
717.873000,0.003695
718.829000,0.002455
719.785000,0.001627
720.744000,0.001304
721.703000,0.001176
722.664000,0.001097
723.626000,0.000888
724.589000,0.000643
725.554000,0.000440
726.519000,0.000249
727.487000,0.000361
728.455000,0.000484
729.425000,0.000565
730.396000,0.000669
731.368000,0.000951
732.342000,0.001133
733.316000,0.001400
734.293000,0.002057
735.270000,0.002887
736.249000,0.002542
737.229000,0.006249
738.210000,0.010609
739.193000,0.017457
740.177000,0.026484
741.162000,0.037379
742.149000,0.045409
743.137000,0.052076
744.126000,0.056935
745.117000,0.058417
746.109000,0.059120
747.102000,0.058306
748.096000,0.058792
749.092000,0.059433
750.089000,0.057778
751.088000,0.059980
752.088000,0.059213
753.089000,0.060258
754.091000,0.060747
755.095000,0.058917
756.100000,0.056997
757.107000,0.053188
758.115000,0.049270
759.124000,0.045225
760.134000,0.035375
761.146000,0.033876
762.159000,0.027983
763.174000,0.025126
764.190000,0.023654
765.207000,0.022627
766.226000,0.023292
767.246000,0.019705
768.267000,0.024007
769.290000,0.022787
770.314000,0.022938
771.339000,0.021148
772.366000,0.018669
773.394000,0.012130
774.424000,0.013745
775.455000,0.011914
776.487000,0.009805
777.521000,0.008418
778.556000,0.006734
779.592000,0.004788
780.630000,0.002801
781.669000,0.002241
782.710000,0.002129
783.752000,0.001612
784.795000,0.002644
785.840000,0.002614
786.886000,0.002716
787.933000,0.003237
788.982000,0.003727
790.032000,0.003927
791.084000,0.003489
792.137000,0.002462
793.191000,0.001878
794.247000,0.001808
795.305000,0.001463
796.363000,0.001492
797.423000,0.001276
798.485000,0.001353
799.548000,0.001502
800.612000,0.001803
801.678000,0.001919
802.745000,0.002401
803.814000,0.002904
804.884000,0.003475
805.955000,0.004092
807.028000,0.005802
808.102000,0.006740
809.178000,0.006399
810.255000,0.007891
811.334000,0.009334
812.414000,0.013054
813.495000,0.015470
814.578000,0.018056
815.663000,0.014803
816.748000,0.025417
817.836000,0.028113
818.924000,0.032400
820.015000,0.035708
821.106000,0.039195
822.199000,0.039880
823.294000,0.044980
824.390000,0.045197
825.487000,0.043037
826.586000,0.045843
827.686000,0.046263
828.788000,0.047960
829.891000,0.050014
830.996000,0.052375
832.102000,0.050695
833.210000,0.044537
834.319000,0.032713
835.430000,0.016035
836.542000,0.008113
837.655000,0.004477
838.770000,0.001993
839.887000,0.002307
841.005000,0.001649
842.125000,0.001676
843.246000,0.004507
844.368000,0.002956
845.492000,0.006344
846.618000,0.008892
847.745000,0.007604
848.873000,0.011220
850.003000,0.011003
851.135000,0.008416
852.268000,0.005899
853.402000,0.002977
854.538000,0.001662
855.676000,0.001325
856.815000,0.000770
857.955000,0.000497
859.097000,0.000436
860.241000,0.000314
861.386000,0.000222
862.533000,0.000180
863.681000,0.000181
864.831000,0.000193
865.982000,0.000220
867.135000,0.000249
868.289000,0.000366
869.445000,0.000449
870.602000,0.000533
871.761000,0.000749
872.922000,0.000949
874.084000,0.001009
875.247000,0.001068
876.412000,0.000923
877.579000,0.000766
878.747000,0.000617
879.917000,0.000265
881.088000,0.000110
882.261000,0.000037
883.436000,0.000023
884.612000,0.000037
885.789000,0.000042
886.968000,0.000020
888.149000,0.000021
889.331000,0.000030
890.515000,0.000030
891.701000,0.000031
892.888000,0.000032
894.076000,0.000026
895.267000,0.000028
896.458000,0.000034
897.652000,0.000053
898.847000,0.000048
900.043000,0.000058
901.241000,0.000085
902.441000,0.000118
903.642000,0.000185
904.845000,0.000252
906.050000,0.000393
907.256000,0.000606
908.464000,0.000916
909.673000,0.001542
910.884000,0.001374
912.096000,0.001007
913.311000,0.000844
914.526000,0.001262
915.744000,0.001462
916.963000,0.001767
918.183000,0.003363
919.406000,0.003898
920.630000,0.005321
921.855000,0.007797
923.082000,0.010269
924.311000,0.014241
925.541000,0.017640
926.773000,0.018570
928.007000,0.024111
929.243000,0.031365
930.480000,0.034274
931.718000,0.038559
932.958000,0.039878
934.200000,0.044155
935.444000,0.051486
936.689000,0.051257
937.936000,0.052422
939.185000,0.054015
940.435000,0.050069
941.687000,0.045526
942.940000,0.030456
944.196000,0.031025
945.452000,0.024969
946.711000,0.014874
947.971000,0.007653
949.233000,0.015263
950.497000,0.012701
951.762000,0.005423
953.029000,0.010509
954.298000,0.012130
955.568000,0.008729
956.840000,0.005391
958.114000,0.004466
959.389000,0.001664
960.666000,0.001551
961.945000,0.000605
963.226000,0.000330
964.508000,0.000257
965.792000,0.000189
967.078000,0.000177
968.365000,0.000188
969.654000,0.000151
970.945000,0.000089
972.237000,0.000139
973.531000,0.000145
974.827000,0.000142
976.125000,0.000180
977.424000,0.000165
978.726000,0.000167
980.028000,0.000150
981.333000,0.000108
982.639000,0.000075
983.947000,0.000056
985.257000,0.000066
986.569000,0.000054
987.882000,0.000036
989.197000,0.000031
990.514000,0.000040
991.833000,0.000044
993.153000,0.000050
994.475000,0.000049
995.799000,0.000039
997.124000,0.000053
998.452000,0.000057
999.781000,0.000064
